Country Name	Country Code	Indicator Name	Indicator Code	2017.00	2018.00	2019.00	2020.00	2021.00
Aruba	ABW	GDP (current US$)	NY.GDP.MKTP.CD	3092178770.95	3202234636.87	3310055865.92	2496648044.69	
Africa Eastern and Southern	AFE	GDP (current US$)	NY.GDP.MKTP.CD	1020647235171.22	991022252916.70	997534042075.19	921645942921.89	1082095608968.23
Afghanistan	AFG	GDP (current US$)	NY.GDP.MKTP.CD	18753469630.26	18053228578.89	18799450742.78	20116137325.82	
Africa Western and Central	AFW	GDP (current US$)	NY.GDP.MKTP.CD	683748746978.11	741689925173.43	794543045900.11	784445725634.79	835808395909.48
Angola	AGO	GDP (current US$)	NY.GDP.MKTP.CD	68972763787.15	77792940077.12	69309104806.63	53619071176.14	72546985708.57
Albania	ALB	GDP (current US$)	NY.GDP.MKTP.CD	13019689336.69	15156432309.90	15401830754.08	15131866270.59	18260043499.81
Andorra	AND	GDP (current US$)	NY.GDP.MKTP.CD	3000162081.12	3218419896.96	3155149347.81	2891001149.36	3329910723.76
Arab World	ARB	GDP (current US$)	NY.GDP.MKTP.CD	2584096654452.22	2785878075917.03	2808099764578.03	2496251185652.42	2850421035169.38
United Arab Emirates	ARE	GDP (current US$)	NY.GDP.MKTP.CD	385605506854.88	422215043584.97	417215559513.36	358868765174.92	
Argentina	ARG	GDP (current US$)	NY.GDP.MKTP.CD	643628665302.16	524819742918.67	452818426182.66	389591035520.68	491492700657.01
Armenia	ARM	GDP (current US$)	NY.GDP.MKTP.CD	11527458565.73	12457941907.03	13619291361.28	12641209802.11	13861183873.59
American Samoa	ASM	GDP (current US$)	NY.GDP.MKTP.CD	612000000.00	639000000.00	648000000.00	709000000.00	
Antigua and Barbuda	ATG	GDP (current US$)	NY.GDP.MKTP.CD	1467977777.78	1605944444.44	1687533333.33	1370281481.48	1471125925.93
Australia	AUS	GDP (current US$)	NY.GDP.MKTP.CD	1326882872011.46	1428529571351.06	1391952510370.48	1327836171068.51	1542659899992.54
Austria	AUT	GDP (current US$)	NY.GDP.MKTP.CD	417261151844.98	455168151938.94	445011872704.47	433258467676.52	477082467454.30
Azerbaijan	AZE	GDP (current US$)	NY.GDP.MKTP.CD	40865558912.39	47112941176.47	48174235294.12	42693000000.00	54622176470.59
Burundi	BDI	GDP (current US$)	NY.GDP.MKTP.CD	2712324087.28	2660123624.28	2581268125.79	2780510624.64	2902029385.83
Belgium	BEL	GDP (current US$)	NY.GDP.MKTP.CD	502764720556.35	543347368038.35	535376258146.67	521676942134.63	599879025377.51
Benin	BEN	GDP (current US$)	NY.GDP.MKTP.CD	12701654743.21	14262407011.48	14391686632.78	15651545331.54	17785640079.12
Burkina Faso	BFA	GDP (current US$)	NY.GDP.MKTP.CD	14106956830.09	15890065019.76	16178162030.07	17933606353.18	19737615114.37
Bangladesh	BGD	GDP (current US$)	NY.GDP.MKTP.CD	293754646182.39	321379023557.46	351238438542.79	373902134700.41	416264942893.33
Bulgaria	BGR	GDP (current US$)	NY.GDP.MKTP.CD	59199447421.49	66363422450.21	68915416141.96	69889347433.43	80271119426.11
Bahrain	BHR	GDP (current US$)	NY.GDP.MKTP.CD	35473776595.74	37802005319.15	38653318085.11	34723357446.81	38868663031.91
"Bahamas, The"	BHS	GDP (current US$)	NY.GDP.MKTP.CD	12357600000.00	12755800000.00	13192800000.00	9699500000.00	11208600000.00
Bosnia and Herzegovina	BIH	GDP (current US$)	NY.GDP.MKTP.CD	18079076426.87	20177422311.08	20201323282.55	19955120004.66	22571512867.28
Belarus	BLR	GDP (current US$)	NY.GDP.MKTP.CD	54726595249.18	60031262269.34	64409647193.80	61489588894.82	68218816484.12
Belize	BLZ	GDP (current US$)	NY.GDP.MKTP.CD	1844906692.54	1887465218.48	1945250235.58	1585631670.35	1789923264.03
Bermuda	BMU	GDP (current US$)	NY.GDP.MKTP.CD	7142316000.00	7225977000.00	7423465000.00	6881662000.00	7080900000.00
Bolivia	BOL	GDP (current US$)	NY.GDP.MKTP.CD	37508642170.77	40287647930.54	40895322850.94	36629843806.08	40408208523.88
Brazil	BRA	GDP (current US$)	NY.GDP.MKTP.CD	2063514688761.98	1916933708381.89	1873288158977.23	1448565936739.56	1608981220812.20
Barbados	BRB	GDP (current US$)	NY.GDP.MKTP.CD	4981588899.82	5097283213.14	5304164323.25	4689534961.76	4900800000.00
Brunei Darussalam	BRN	GDP (current US$)	NY.GDP.MKTP.CD	12128104859.15	13567351175.03	13469422958.51	12005825769.51	14006569575.68
Bhutan	BTN	GDP (current US$)	NY.GDP.MKTP.CD	2450364928.07	2446866404.93	2535657069.06	2315436303.30	
Botswana	BWA	GDP (current US$)	NY.GDP.MKTP.CD	16088437675.16	16914245098.04	16695925027.19	14930072799.01	17613846472.99
Central African Republic	CAF	GDP (current US$)	NY.GDP.MKTP.CD	2072349974.15	2220978978.17	2221301400.72	2326720920.59	2516498299.01
Canada	CAN	GDP (current US$)	NY.GDP.MKTP.CD	1649265644244.09	1725329192783.02	1742015045482.31	1645423407568.36	1990761609665.23
Central Europe and the Baltics	CEB	GDP (current US$)	NY.GDP.MKTP.CD	1464532904458.85	1645463203193.69	1673863310975.42	1654916154373.08	1887902464087.12
Switzerland	CHE	GDP (current US$)	NY.GDP.MKTP.CD	704478516963.86	735539301552.67	731767398052.88	752248045730.11	812866928867.47
Channel Islands	CHI	GDP (current US$)	NY.GDP.MKTP.CD					
Chile	CHL	GDP (current US$)	NY.GDP.MKTP.CD	276364933679.63	295402652037.16	278584733103.01	252727193710.02	317058508651.76
China	CHN	GDP (current US$)	NY.GDP.MKTP.CD	12310409370894.20	13894817549380.30	14279937500608.00	14687673892882.00	17734062645371.40
Cote d'Ivoire	CIV	GDP (current US$)	NY.GDP.MKTP.CD	51588158717.53	58011466450.86	58539424929.72	61348579465.10	69764827467.44
Cameroon	CMR	GDP (current US$)	NY.GDP.MKTP.CD	36098550141.59	39973839064.61	39670977332.73	40804449726.02	45238613479.83
"Congo, Dem. Rep."	COD	GDP (current US$)	NY.GDP.MKTP.CD	38019265625.88	47568210068.49	51775830725.83	48716960860.07	53958573693.05
"Congo, Rep."	COG	GDP (current US$)	NY.GDP.MKTP.CD	11094823676.59	13670038019.86	12750338736.17	10483151093.69	12523961677.30
Colombia	COL	GDP (current US$)	NY.GDP.MKTP.CD	311883730690.13	334198214706.21	323109543324.32	270299982887.01	314322453228.30
Comoros	COM	GDP (current US$)	NY.GDP.MKTP.CD	1077439662.58	1188797574.95	1195019559.09	1223876064.52	1327964249.33
Cabo Verde	CPV	GDP (current US$)	NY.GDP.MKTP.CD	1769787215.42	1966501117.61	1981845740.71	1703698676.70	1936174043.45
Costa Rica	CRI	GDP (current US$)	NY.GDP.MKTP.CD	60516043590.18	62420165099.72	64417670082.61	62158002233.03	64282438666.74
Caribbean small states	CSS	GDP (current US$)	NY.GDP.MKTP.CD	72533236071.42	75431169087.57	77023818120.75	65922853040.93	69970323144.29
Cuba	CUB	GDP (current US$)	NY.GDP.MKTP.CD	96851000000.00	100050000000.00	103428000000.00	107352000000.00	
Curacao	CUW	GDP (current US$)	NY.GDP.MKTP.CD	3009497206.70	3020388817.27	2995185487.30	2496174735.65	
Cayman Islands	CYM	GDP (current US$)	NY.GDP.MKTP.CD	5166467286.75	5530377593.30	5943589095.55	5608989195.53	
Cyprus	CYP	GDP (current US$)	NY.GDP.MKTP.CD	22870833709.90	25522671232.88	25758357774.54	24692095945.17	27719337670.02
Czech Republic	CZE	GDP (current US$)	NY.GDP.MKTP.CD	218628940951.68	248950103352.14	252498032247.16	245339322066.76	282340849856.61
Germany	DEU	GDP (current US$)	NY.GDP.MKTP.CD	3690849152517.65	3977289455388.23	3888326788627.44	3846413928653.71	4223116205968.92
Djibouti	DJI	GDP (current US$)	NY.GDP.MKTP.CD	2762581334.23	2913466732.13	3088853638.57	3181071153.66	3371102123.51
Dominica	DMA	GDP (current US$)	NY.GDP.MKTP.CD	521551851.85	554770370.37	611537037.04	504214814.81	545618518.52
Denmark	DNK	GDP (current US$)	NY.GDP.MKTP.CD	332121063806.39	356841216410.07	347561349210.98	356084867685.64	397104343478.30
Dominican Republic	DOM	GDP (current US$)	NY.GDP.MKTP.CD	79997975621.87	85555378042.82	88941299733.50	78844702329.08	94243453937.45
Algeria	DZA	GDP (current US$)	NY.GDP.MKTP.CD	170097014589.13	174910878623.05	171767403748.19	145009181490.62	167983141738.31
East Asia & Pacific (excluding high income)	EAP	GDP (current US$)	NY.GDP.MKTP.CD	14877258915652.80	16638962757093.70	17203906511529.00	17483820589534.50	20746563721663.30
Early-demographic dividend	EAR	GDP (current US$)	NY.GDP.MKTP.CD	11291259618576.30	11401133321555.30	11643791832112.30	10841710191637.60	12618119605215.00
East Asia & Pacific	EAS	GDP (current US$)	NY.GDP.MKTP.CD	24325231732305.30	26481019943236.60	27024079763932.20	27118722832657.50	30880832035117.60
Europe & Central Asia (excluding high income)	ECA	GDP (current US$)	NY.GDP.MKTP.CD	3118192978608.20	3182530249215.21	3249705581846.91	2980726151029.73	3499151501974.59
Europe & Central Asia	ECS	GDP (current US$)	NY.GDP.MKTP.CD	21680175761930.60	23224055731756.60	22941556433612.10	22133908631128.10	25046912741672.40
Ecuador	ECU	GDP (current US$)	NY.GDP.MKTP.CD	104295862000.00	107562008000.00	108108009000.00	99291124000.00	106165866000.00
"Egypt, Arab Rep."	EGY	GDP (current US$)	NY.GDP.MKTP.CD	235733695652.17	249712999437.25	303080865603.65	365252651278.85	404142766093.05
Euro area	EMU	GDP (current US$)	NY.GDP.MKTP.CD	12677749892531.30	13699406014418.10	13416061270575.30	13027258675468.30	14493212396452.50
Eritrea	ERI	GDP (current US$)	NY.GDP.MKTP.CD					
Spain	ESP	GDP (current US$)	NY.GDP.MKTP.CD	1312539279462.36	1420994142512.16	1393046093137.25	1281484640043.58	1425276586282.92
Estonia	EST	GDP (current US$)	NY.GDP.MKTP.CD	26924385103.07	30489500904.86	31045591753.49	30650285471.72	36262924353.60
Ethiopia	ETH	GDP (current US$)	NY.GDP.MKTP.CD	81770791970.98	84269348327.35	95912590628.14	107657734392.45	111271112329.98
European Union	EUU	GDP (current US$)	NY.GDP.MKTP.CD	14766273067392.10	15978719985091.50	15691850452107.30	15300141971364.80	17088620744318.80
Fragile and conflict affected situations	FCS	GDP (current US$)	NY.GDP.MKTP.CD	1580890166457.95	1603272031249.36	1689423709082.73	1561506152786.47	1644875126140.77
Finland	FIN	GDP (current US$)	NY.GDP.MKTP.CD	255647979916.47	275715087494.90	268508200125.49	271836962949.42	299155237589.14
Fiji	FJI	GDP (current US$)	NY.GDP.MKTP.CD	5353404422.08	5581371850.15	5496264765.78	4574413823.31	4592118709.55
France	FRA	GDP (current US$)	NY.GDP.MKTP.CD	2595151045197.65	2790956878746.66	2728870246705.88	2630317731455.26	2937472757953.44
Faroe Islands	FRO	GDP (current US$)	NY.GDP.MKTP.CD	2969876872.28	3180074747.41	3268839775.69	3240759988.99	
"Micronesia, Fed. Sts."	FSM	GDP (current US$)	NY.GDP.MKTP.CD	366666800.00	401932300.00	412479413.36	407515927.98	404178049.75
Gabon	GAB	GDP (current US$)	NY.GDP.MKTP.CD	14929488770.73	16867325126.54	16874405839.79	15316824039.33	18269350433.80
United Kingdom	GBR	GDP (current US$)	NY.GDP.MKTP.CD	2699016715111.39	2900791442554.06	2878673912414.44	2756900214107.32	3186859739185.02
Georgia	GEO	GDP (current US$)	NY.GDP.MKTP.CD	16242916915.72	17596922469.92	17470436258.51	15842922532.72	18700241392.16
Ghana	GHA	GDP (current US$)	NY.GDP.MKTP.CD	60406382898.52	67299280679.56	68337537815.77	70043199813.69	77594279054.88
Gibraltar	GIB	GDP (current US$)	NY.GDP.MKTP.CD					
Guinea	GIN	GDP (current US$)	NY.GDP.MKTP.CD	10324668266.59	11857030336.53	13442861443.75	14169626010.12	15850520383.99
"Gambia, The"	GMB	GDP (current US$)	NY.GDP.MKTP.CD	1504909753.29	1670670668.59	1813608279.65	1830412999.96	2078070683.55
Guinea-Bissau	GNB	GDP (current US$)	NY.GDP.MKTP.CD	1350177127.55	1504630120.99	1439638443.38	1431758242.90	1638517533.17
Equatorial Guinea	GNQ	GDP (current US$)	NY.GDP.MKTP.CD	12200912828.37	13097011208.46	11364134108.62	10099157269.80	12269392788.74
Greece	GRC	GDP (current US$)	NY.GDP.MKTP.CD	199844406013.53	212049447242.11	205144152830.85	188835201625.91	216240589485.26
Grenada	GRD	GDP (current US$)	NY.GDP.MKTP.CD	1125685185.19	1166523555.56	1213485185.19	1043411111.11	1122083185.19
Greenland	GRL	GDP (current US$)	NY.GDP.MKTP.CD	2851610655.92	3055791340.70	2994332323.75	3075968328.70	
Guatemala	GTM	GDP (current US$)	NY.GDP.MKTP.CD	71654134378.53	73208583758.91	77020015201.32	77604632620.65	85986321551.24
Guam	GUM	GDP (current US$)	NY.GDP.MKTP.CD	6013000000.00	6060000000.00	6364000000.00	5844000000.00	
Guyana	GUY	GDP (current US$)	NY.GDP.MKTP.CD	4748174334.14	4787636237.24	5173760191.85	5471256594.72	7409179920.86
High income	HIC	GDP (current US$)	NY.GDP.MKTP.CD	51558534599568.80	54815581180361.50	55289237589071.70	53699833079337.60	59445422597098.50
"Hong Kong SAR, China"	HKG	GDP (current US$)	NY.GDP.MKTP.CD	341273289534.47	361731070995.73	363052489184.40	344881400505.34	368139247671.49
Honduras	HND	GDP (current US$)	NY.GDP.MKTP.CD	23136232229.61	24067778953.84	25089976946.77	23827840809.70	28488668301.64
Heavily indebted poor countries (HIPC)	HPC	GDP (current US$)	NY.GDP.MKTP.CD	808758193981.08	770227091403.54	797617929913.55	803283582149.53	894494280734.03
Croatia	HRV	GDP (current US$)	NY.GDP.MKTP.CD	56214427431.20	62247874948.82	62246206340.55	57203783203.03	67837788543.59
Haiti	HTI	GDP (current US$)	NY.GDP.MKTP.CD	15035560372.64	16455034352.77	14785839382.90	14508218017.40	20944392615.08
Hungary	HUN	GDP (current US$)	NY.GDP.MKTP.CD	143136245596.99	160586833778.46	163526491433.29	156743134665.96	182280517581.21
IBRD only	IBD	GDP (current US$)	NY.GDP.MKTP.CD	28755722549809.30	30580348814900.70	31244154278543.70	30032432470232.90	35451524325722.90
IDA & IBRD total	IBT	GDP (current US$)	NY.GDP.MKTP.CD	30949196507979.80	32816676763015.10	33581689373310.40	32364941970351.30	37997904401783.50
IDA total	IDA	GDP (current US$)	NY.GDP.MKTP.CD	2193037942018.33	2236771221490.87	2337492148245.30	2332329928471.15	2544817395142.83
IDA blend	IDB	GDP (current US$)	NY.GDP.MKTP.CD	959820517813.63	1007826238815.28	1040154261857.99	999383582141.34	1090090509343.12
Indonesia	IDN	GDP (current US$)	NY.GDP.MKTP.CD	1015618742565.81	1042271531011.99	1119099868265.25	1058688935454.78	1186092991320.04
IDA only	IDX	GDP (current US$)	NY.GDP.MKTP.CD	1233217424204.70	1228944982675.59	1297337886387.31	1333641390974.43	1455496866167.88
Isle of Man	IMN	GDP (current US$)	NY.GDP.MKTP.CD	6979581724.58	7491969312.88	7315388052.08		
India	IND	GDP (current US$)	NY.GDP.MKTP.CD	2651472946374.91	2702929718960.46	2831552222519.99	2667687951796.56	3173397590816.91
Not classified	INX	GDP (current US$)	NY.GDP.MKTP.CD					
Ireland	IRL	GDP (current US$)	NY.GDP.MKTP.CD	335430829594.03	385041711506.23	399122063504.15	425888950992.00	498559576714.72
"Iran, Islamic Rep."	IRN	GDP (current US$)	NY.GDP.MKTP.CD	486630146443.62	330991589888.99	291362916336.42	231547571240.47	
Iraq	IRQ	GDP (current US$)	NY.GDP.MKTP.CD	187217660050.68	227367469034.03	233636097800.34	184369797315.44	207889333724.14
Iceland	ISL	GDP (current US$)	NY.GDP.MKTP.CD	24728285177.46	26267063757.55	24857740445.04	21718075725.21	25458933915.87
Israel	ISR	GDP (current US$)	NY.GDP.MKTP.CD	355277223507.49	373641241440.79	397934596952.56	407100736594.06	481591266133.41
Italy	ITA	GDP (current US$)	NY.GDP.MKTP.CD	1961796197354.36	2091932426266.98	2011285742552.15	1892574064222.11	2099880198258.88
Jamaica	JAM	GDP (current US$)	NY.GDP.MKTP.CD	14808989993.32	15730793852.79	15830768549.89	13812425036.59	13638230995.68
Jordan	JOR	GDP (current US$)	NY.GDP.MKTP.CD	41408960845.07	42932112676.06	44502895915.49	43697659295.77	45243661971.83
Japan	JPN	GDP (current US$)	NY.GDP.MKTP.CD	4930837369151.42	5037835383110.97	5123318151510.62	5040107754084.11	4937421880461.55
Kazakhstan	KAZ	GDP (current US$)	NY.GDP.MKTP.CD	166805800595.70	179339994859.38	181667190075.54	171082379532.99	190814274226.21
Kenya	KEN	GDP (current US$)	NY.GDP.MKTP.CD	82035800868.19	92202956320.53	100379713697.42	100666542665.72	110347079517.36
Kyrgyz Republic	KGZ	GDP (current US$)	NY.GDP.MKTP.CD	7702934800.13	8271108638.40	8871026074.20	7780874536.66	8543423502.61
Cambodia	KHM	GDP (current US$)	NY.GDP.MKTP.CD	22177200511.58	24571753583.49	27089389786.98	25872798012.19	26961061119.80
Kiribati	KIR	GDP (current US$)	NY.GDP.MKTP.CD	188192060.09	196230573.82	177935349.32	180911843.64	
St. Kitts and Nevis	KNA	GDP (current US$)	NY.GDP.MKTP.CD	1060638333.33	1078505888.89	1164877851.85	980905888.89	976150666.67
"Korea, Rep."	KOR	GDP (current US$)	NY.GDP.MKTP.CD	1623901496835.79	1724845615629.26	1651422932447.77	1637895802792.90	1798533915091.14
Kuwait	KWT	GDP (current US$)	NY.GDP.MKTP.CD	120707435542.37	138182400493.59	136196760180.98	105960225688.15	
Latin America & Caribbean (excluding high income)	LAC	GDP (current US$)	NY.GDP.MKTP.CD	4985190331086.06	4840908109011.91	4778836894074.21	3997944092006.99	4607069828667.43
Lao PDR	LAO	GDP (current US$)	NY.GDP.MKTP.CD	17071162084.41	18141651381.39	18740559554.16	18981800705.08	18827148530.02
Lebanon	LBN	GDP (current US$)	NY.GDP.MKTP.CD	53027680685.84	54901519155.62	51605959131.34	25948915861.20	18076624840.18
Liberia	LBR	GDP (current US$)	NY.GDP.MKTP.CD	3390703400.00	3422754800.00	3319596500.00	3039982540.00	3486741370.00
Libya	LBY	GDP (current US$)	NY.GDP.MKTP.CD	67158415841.58	76684175824.18	69252306372.02	52320215472.09	41879579677.17
St. Lucia	LCA	GDP (current US$)	NY.GDP.MKTP.CD	1996771440.74	2065127262.96	2118791548.15	1616772748.15	1764901133.33
Latin America & Caribbean	LCN	GDP (current US$)	NY.GDP.MKTP.CD	5830760733039.75	5701842678618.32	5623606841400.31	4743154434209.72	5488720386464.90
Least developed countries: UN classification	LDC	GDP (current US$)	NY.GDP.MKTP.CD	1103873572550.27	1087620246478.49	1142304121430.50	1162000059176.75	1272906946634.44
Low income	LIC	GDP (current US$)	NY.GDP.MKTP.CD	527246970766.45	453567578538.20	479642679708.75	481025300269.27	526277736196.32
Liechtenstein	LIE	GDP (current US$)	NY.GDP.MKTP.CD	6474256118.61	6692504346.05	6427248943.45		
Sri Lanka	LKA	GDP (current US$)	NY.GDP.MKTP.CD	87428128123.72	87963042340.77	83902574442.80	80969683537.45	84518830392.62
Lower middle income	LMC	GDP (current US$)	NY.GDP.MKTP.CD	7396385303040.09	7541059240415.66	7894761632394.70	7585548465069.87	8683293482839.04
Low & middle income	LMY	GDP (current US$)	NY.GDP.MKTP.CD	29564640715524.30	31299342895042.80	32061336323529.70	30913851917481.40	36315909953199.60
Lesotho	LSO	GDP (current US$)	NY.GDP.MKTP.CD	2306185361.15	2514146887.92	2451257578.69	2250717718.47	2518468891.04
Late-demographic dividend	LTE	GDP (current US$)	NY.GDP.MKTP.CD	20609641582561.20	22593028676199.40	23026354774547.30	22470885208733.40	26594255163051.90
Lithuania	LTU	GDP (current US$)	NY.GDP.MKTP.CD	47758736931.78	53750911865.69	54697379017.33	56546957475.49	65503849704.60
Luxembourg	LUX	GDP (current US$)	NY.GDP.MKTP.CD	65712180342.98	71285019397.41	70195715495.51	73353132793.71	86710803337.10
Latvia	LVA	GDP (current US$)	NY.GDP.MKTP.CD	30483806017.83	34429023435.02	34308783825.30	33645460617.24	38872546228.57
"Macao SAR, China"	MAC	GDP (current US$)	NY.GDP.MKTP.CD	50440941938.70	55284360483.12	55204758069.51	25586111076.34	29905190181.75
St. Martin (French part)	MAF	GDP (current US$)	NY.GDP.MKTP.CD					
Morocco	MAR	GDP (current US$)	NY.GDP.MKTP.CD	109682728023.11	118096227400.09	119870439113.66	114725065285.15	132725261467.43
Monaco	MCO	GDP (current US$)	NY.GDP.MKTP.CD	6431314957.07	7194024563.06	7383745662.15	6816219303.26	
Moldova	MDA	GDP (current US$)	NY.GDP.MKTP.CD	9669741744.22	11457443185.05	11971345002.78	11859730543.55	13679221333.21
Madagascar	MDG	GDP (current US$)	NY.GDP.MKTP.CD	13176313593.55	13614412550.88	14191911512.05	13225591803.62	14637400395.69
Maldives	MDV	GDP (current US$)	NY.GDP.MKTP.CD	4754175869.24	5300962659.51	5607762625.15	3742769967.43	4889666931.64
Middle East & North Africa	MEA	GDP (current US$)	NY.GDP.MKTP.CD	3296304700286.03	3459086397885.49	3465217350186.81	3106899915587.77	3636731834007.36
Mexico	MEX	GDP (current US$)	NY.GDP.MKTP.CD	1158913035796.37	1222408203104.30	1269404276770.70	1087117783073.31	1293037866360.17
Marshall Islands	MHL	GDP (current US$)	NY.GDP.MKTP.CD	213204100.00	221588900.00	239462200.00	244462400.00	248665600.00
Middle income	MIC	GDP (current US$)	NY.GDP.MKTP.CD	29040121195033.70	30844577555857.30	31581053756606.80	30433799984879.00	35785944374024.40
North Macedonia	MKD	GDP (current US$)	NY.GDP.MKTP.CD	11307058382.34	12683070061.47	12606338448.55	12116981815.23	13879269151.57
Mali	MLI	GDP (current US$)	NY.GDP.MKTP.CD	15365713059.11	17070867577.67	17280250805.22	17465392779.04	19143741503.15
Malta	MLT	GDP (current US$)	NY.GDP.MKTP.CD	13505056441.52	15301279478.21	15719500920.54	14917038504.29	17189730469.56
Myanmar	MMR	GDP (current US$)	NY.GDP.MKTP.CD	61449392056.15	67144725830.58	68697759361.23	78930257227.09	65067808984.68
Middle East & North Africa (excluding high income)	MNA	GDP (current US$)	NY.GDP.MKTP.CD	1455193787706.94	1380524947470.91	1391982940489.58	1263840405685.41	1455921395695.44
Montenegro	MNE	GDP (current US$)	NY.GDP.MKTP.CD	4856602178.63	5506944403.30	5542201150.91	4780722121.96	5809170961.78
Mongolia	MNG	GDP (current US$)	NY.GDP.MKTP.CD	11480847745.32	13178094459.45	14206359006.81	13312981594.57	15098022828.61
Northern Mariana Islands	MNP	GDP (current US$)	NY.GDP.MKTP.CD	1560000000.00	1302000000.00	1182000000.00		
Mozambique	MOZ	GDP (current US$)	NY.GDP.MKTP.CD	13219079497.71	14845400592.67	15390031040.00	14028811071.76	16095828896.63
Mauritania	MRT	GDP (current US$)	NY.GDP.MKTP.CD	6800135961.61	7352533585.59	7889655284.47	7915985513.70	8227580740.50
Mauritius	MUS	GDP (current US$)	NY.GDP.MKTP.CD	13259351418.45	14181951058.51	14045808843.22	10926820603.40	11156657769.70
Malawi	MWI	GDP (current US$)	NY.GDP.MKTP.CD	8943543677.19	9880676218.83	11025370768.81	12172128469.57	12626718073.74
Malaysia	MYS	GDP (current US$)	NY.GDP.MKTP.CD	319112136545.44	358791513221.48	365276379480.99	337006023789.70	372701358820.26
North America	NAC	GDP (current US$)	NY.GDP.MKTP.CD	21136028016244.10	22259711195783.00	23122010947482.30	22546048902568.40	24993942509665.20
Namibia	NAM	GDP (current US$)	NY.GDP.MKTP.CD	12895153160.47	13682062249.22	12543203410.69	10562637375.59	12236250784.13
New Caledonia	NCL	GDP (current US$)	NY.GDP.MKTP.CD	9173668102.14	9846922416.15	9438130987.37	9435529927.25	
Niger	NER	GDP (current US$)	NY.GDP.MKTP.CD	11185102399.58	12808660528.06	12916455161.11	13741378450.14	14950949875.27
Nigeria	NGA	GDP (current US$)	NY.GDP.MKTP.CD	375746469538.67	397190484464.31	448120428858.77	432293776262.40	440776971536.02
Nicaragua	NIC	GDP (current US$)	NY.GDP.MKTP.CD	13785909906.19	13025239912.28	12596636042.23	12586941392.63	14013022092.06
Netherlands	NLD	GDP (current US$)	NY.GDP.MKTP.CD	833869641687.06	914043438179.61	910194347568.63	913865395789.89	1018007056949.60
Norway	NOR	GDP (current US$)	NY.GDP.MKTP.CD	398393955268.99	436999692591.45	404941363636.36	362198318435.26	482437019790.45
Nepal	NPL	GDP (current US$)	NY.GDP.MKTP.CD	28971589213.22	33111525871.95	34186190995.96	33433670511.94	36288830373.41
Nauru	NRU	GDP (current US$)	NY.GDP.MKTP.CD	109359680.22	124021393.69	118724073.81	114626625.55	133218896.93
New Zealand	NZL	GDP (current US$)	NY.GDP.MKTP.CD	206623758800.16	211953111035.51	213434571357.98	211734532308.01	249991512236.53
OECD members	OED	GDP (current US$)	NY.GDP.MKTP.CD	50468487779733.60	53389616112315.20	53898740687188.20	52333093047631.90	57920170928484.40
Oman	OMN	GDP (current US$)	NY.GDP.MKTP.CD	80856697009.10	91505851755.53	88060858257.48	73971391417.43	85868626527.96
Other small states	OSS	GDP (current US$)	NY.GDP.MKTP.CD	398431383419.64	441994932565.81	432762687769.92	376519277668.36	447252486851.27
Pakistan	PAK	GDP (current US$)	NY.GDP.MKTP.CD	339205615769.19	356128224957.09	320909489229.72	300306331697.67	346343170486.07
Panama	PAN	GDP (current US$)	NY.GDP.MKTP.CD	62202725200.00	64929409200.00	66984427200.00	53977037000.00	63605065800.00
Peru	PER	GDP (current US$)	NY.GDP.MKTP.CD	211007207483.52	222597212925.21	228323495040.90	201705055938.65	223249497500.39
Philippines	PHL	GDP (current US$)	NY.GDP.MKTP.CD	328480867142.69	346842094175.24	376823278561.20	361751116292.54	394086419343.06
Palau	PLW	GDP (current US$)	NY.GDP.MKTP.CD	285300000.00	284700000.00	274200000.00	257700000.00	
Papua New Guinea	PNG	GDP (current US$)	NY.GDP.MKTP.CD	22742613553.69	24109509852.74	24751344560.89	24667052023.12	26594277245.78
Poland	POL	GDP (current US$)	NY.GDP.MKTP.CD	526508877305.32	587411745161.56	597280564671.56	596624355719.67	674048266397.37
Pre-demographic dividend	PRE	GDP (current US$)	NY.GDP.MKTP.CD	1293918591719.65	1322706441706.90	1393565082221.82	1309752047432.10	1433124281341.12
Puerto Rico	PRI	GDP (current US$)	NY.GDP.MKTP.CD	103445526000.00	100925000000.00	104914600000.00	103138300000.00	
"Korea, Dem. People's Rep."	PRK	GDP (current US$)	NY.GDP.MKTP.CD					
Portugal	PRT	GDP (current US$)	NY.GDP.MKTP.CD	221357874718.93	242313116577.97	239986922638.90	228539245045.34	249886464354.75
Paraguay	PRY	GDP (current US$)	NY.GDP.MKTP.CD	38997129473.56	40225448340.63	37925338329.16	35432178068.18	38986810989.00
West Bank and Gaza	PSE	GDP (current US$)	NY.GDP.MKTP.CD	16128000000.00	16276600000.00	17133500000.00	15531700000.00	18036800000.00
Pacific island small states	PSS	GDP (current US$)	NY.GDP.MKTP.CD	10217604992.44	10657544778.12	10644265612.35	9573379122.14	9749476210.02
Post-demographic dividend	PST	GDP (current US$)	NY.GDP.MKTP.CD	47559090134749.70	50409601013871.70	50901911073586.60	49529282835846.20	54622502733268.80
French Polynesia	PYF	GDP (current US$)	NY.GDP.MKTP.CD	5833351477.90	6135117589.08	6008055247.78	5669368717.21	
Qatar	QAT	GDP (current US$)	NY.GDP.MKTP.CD	161099122215.31	183334953813.21	175837550996.19	144411363345.27	179570783550.55
Romania	ROU	GDP (current US$)	NY.GDP.MKTP.CD	211695422578.66	241457403085.04	249881592298.07	249511333647.50	284087563695.80
Russian Federation	RUS	GDP (current US$)	NY.GDP.MKTP.CD	1574199387070.90	1657329646183.62	1693113904262.89	1488321875489.74	1775799919352.98
Rwanda	RWA	GDP (current US$)	NY.GDP.MKTP.CD	9252834120.39	9642440645.81	10356327149.43	10184345442.17	11070356519.48
South Asia	SAS	GDP (current US$)	NY.GDP.MKTP.CD	3426790936090.99	3527312593331.06	3648731786168.25	3482474115840.58	4087773969795.48
Saudi Arabia	SAU	GDP (current US$)	NY.GDP.MKTP.CD	688586094412.68	816578674529.14	803616264791.02	703367841222.56	833541236569.32
Sudan	SDN	GDP (current US$)	NY.GDP.MKTP.CD	129717804934.61	32333780383.29	32338079165.29	26987563444.15	34326058557.44
Senegal	SEN	GDP (current US$)	NY.GDP.MKTP.CD	20996564751.60	23116897847.05	23398811423.58	24493157583.23	27625388352.17
Singapore	SGP	GDP (current US$)	NY.GDP.MKTP.CD	343193352161.63	376998146500.59	375472731271.08	345295933898.67	396986899888.35
Solomon Islands	SLB	GDP (current US$)	NY.GDP.MKTP.CD	1483793468.06	1574622018.23	1570093229.26	1545888426.23	1645213881.62
Sierra Leone	SLE	GDP (current US$)	NY.GDP.MKTP.CD	3719369107.35	4085114794.22	4076578542.56	4063289449.59	4200380124.33
El Salvador	SLV	GDP (current US$)	NY.GDP.MKTP.CD	24979190000.00	26020850000.00	26896660000.00	24638720000.00	28736940000.00
San Marino	SMR	GDP (current US$)	NY.GDP.MKTP.CD	1528630704.93	1655300897.50	1616231696.05	1544713784.68	
Somalia	SOM	GDP (current US$)	NY.GDP.MKTP.CD	5609000000.00	5850677295.70	6476674591.87	6965285324.52	7292721820.00
Serbia	SRB	GDP (current US$)	NY.GDP.MKTP.CD	44179055279.89	50640650221.46	51514222381.84	53335016425.41	63068134601.13
Sub-Saharan Africa (excluding high income)	SSA	GDP (current US$)	NY.GDP.MKTP.CD	1702822553872.21	1731075868040.73	1790392859446.62	1704891034067.33	1916583951084.67
South Sudan	SSD	GDP (current US$)	NY.GDP.MKTP.CD					
Sub-Saharan Africa	SSF	GDP (current US$)	NY.GDP.MKTP.CD	1704395982149.33	1732712178090.13	1792077087975.30	1706091668556.67	1917904004877.71
Small states	SST	GDP (current US$)	NY.GDP.MKTP.CD	481182224483.51	528083646431.50	520430771503.02	452015509831.43	526938134965.75
Sao Tome and Principe	STP	GDP (current US$)	NY.GDP.MKTP.CD	375614126.19	412253809.73	427425039.68	472914469.92	547092915.04
Suriname	SUR	GDP (current US$)	NY.GDP.MKTP.CD	3591623596.03	3996247906.20	3984483762.37	2884248048.49	2862131979.70
Slovak Republic	SVK	GDP (current US$)	NY.GDP.MKTP.CD	95393515077.75	105612792516.58	105284375640.70	105172564491.57	114870706410.17
Slovenia	SVN	GDP (current US$)	NY.GDP.MKTP.CD	48589100043.10	54163591695.32	54178877606.00	53589609580.71	61526331889.50
Sweden	SWE	GDP (current US$)	NY.GDP.MKTP.CD	541018749769.10	555455371487.09	533879529188.45	541487151474.56	627437898887.29
Eswatini	SWZ	GDP (current US$)	NY.GDP.MKTP.CD	4402969225.92	4666784617.60	4466066557.38	3984840580.41	4941373182.08
Sint Maarten (Dutch part)	SXM	GDP (current US$)	NY.GDP.MKTP.CD	1191620111.73	1185474860.34			
Seychelles	SYC	GDP (current US$)	NY.GDP.MKTP.CD	1573428277.12	1636310049.40	1684228528.67	1200634489.35	1320053793.04
Syrian Arab Republic	SYR	GDP (current US$)	NY.GDP.MKTP.CD	16340665431.52	21445775363.86			
Turks and Caicos Islands	TCA	GDP (current US$)	NY.GDP.MKTP.CD	1022365000.00	1113178000.00	1197415000.00	924583000.00	943269768.00
Chad	TCD	GDP (current US$)	NY.GDP.MKTP.CD	10000395242.15	11239167048.49	11314951342.78	10715396135.42	11779980801.78
East Asia & Pacific (IDA & IBRD countries)	TEA	GDP (current US$)	NY.GDP.MKTP.CD	14858085911410.50	16617566546821.70	17181787022158.20	17461284721761.50	20719819524210.80
Europe & Central Asia (IDA & IBRD countries)	TEC	GDP (current US$)	NY.GDP.MKTP.CD	3912611705923.38	4073647272410.63	4159113945157.09	3884826500881.03	4525639233067.13
Togo	TGO	GDP (current US$)	NY.GDP.MKTP.CD	6395472574.41	7112200725.00	7220395247.74	7574636978.66	8413200567.62
Thailand	THA	GDP (current US$)	NY.GDP.MKTP.CD	456356961443.50	506754616189.32	544081056184.70	499681757030.97	505981655622.31
Tajikistan	TJK	GDP (current US$)	NY.GDP.MKTP.CD	7536439875.08	7765014424.34	8300784856.88	8133996647.90	8746270636.40
Turkmenistan	TKM	GDP (current US$)	NY.GDP.MKTP.CD	37926285714.29	40765428571.43	45231428571.43		
Latin America & the Caribbean (IDA & IBRD countries)	TLA	GDP (current US$)	NY.GDP.MKTP.CD	5591255025851.83	5460183049715.07	5372623255716.85	4495215145995.85	5202510610993.79
Timor-Leste	TLS	GDP (current US$)	NY.GDP.MKTP.CD	1615609700.00	1583876200.00	2047931700.00	1902156800.00	1959134743.84
Middle East & North Africa (IDA & IBRD countries)	TMN	GDP (current US$)	NY.GDP.MKTP.CD	1439065787706.94	1364248347470.91	1374849440489.58	1248309123457.61	1437882615132.05
Tonga	TON	GDP (current US$)	NY.GDP.MKTP.CD	460379144.99	489235527.40	512350059.42	488829964.07	
South Asia (IDA & IBRD)	TSA	GDP (current US$)	NY.GDP.MKTP.CD	3426790936090.99	3527312593331.06	3648731786168.25	3482474115840.58	4087773969795.48
Sub-Saharan Africa (IDA & IBRD countries)	TSS	GDP (current US$)	NY.GDP.MKTP.CD	1704395982149.33	1732712178090.13	1792077087975.30	1706091668556.67	1917904004877.71
Trinidad and Tobago	TTO	GDP (current US$)	NY.GDP.MKTP.CD	23180107751.92	23820742956.97	23886216403.35	21392536137.77	21391802311.01
Tunisia	TUN	GDP (current US$)	NY.GDP.MKTP.CD	42164007605.19	42685972269.45	41772900763.36	42514151614.28	46840042941.49
Turkiye	TUR	GDP (current US$)	NY.GDP.MKTP.CD	858996263095.86	778471901665.15	761004425605.41	719954821683.31	815271751724.42
Tuvalu	TUV	GDP (current US$)	NY.GDP.MKTP.CD	45217657.88	47818290.50	54223149.11	55054710.62	63100961.54
Tanzania	TZA	GDP (current US$)	NY.GDP.MKTP.CD	53320625958.56	57003713610.76	61136873692.40	62409709110.95	67775101794.35
Uganda	UGA	GDP (current US$)	NY.GDP.MKTP.CD	30744473911.53	32927025573.43	35353060634.20	37600368180.94	40434701516.95
Ukraine	UKR	GDP (current US$)	NY.GDP.MKTP.CD	112090530368.54	130891049796.88	153882982016.28	156617861448.58	200085537744.35
Upper middle income	UMC	GDP (current US$)	NY.GDP.MKTP.CD	21643735891993.60	23303518315441.70	23686292124212.10	22848294411119.40	27104280387250.60
Uruguay	URY	GDP (current US$)	NY.GDP.MKTP.CD	64233966861.25	64515038268.14	61231149880.59	53560755046.57	59319547636.09
United States	USA	GDP (current US$)	NY.GDP.MKTP.CD	19479620056000.00	20527156026000.00	21372572437000.00	20893743833000.00	22996100000000.00
Uzbekistan	UZB	GDP (current US$)	NY.GDP.MKTP.CD	62081323299.03	52633143808.18	59907674027.47	59894305352.90	69238903106.17
St. Vincent and the Grenadines	VCT	GDP (current US$)	NY.GDP.MKTP.CD	847620214.76	884328180.53	910149698.91	872134546.80	889775243.38
"Venezuela, RB"	VEN	GDP (current US$)	NY.GDP.MKTP.CD					
British Virgin Islands	VGB	GDP (current US$)	NY.GDP.MKTP.CD					
Virgin Islands (U.S.)	VIR	GDP (current US$)	NY.GDP.MKTP.CD	3794000000.00	3922000000.00	4117000000.00	4204000000.00	
Vietnam	VNM	GDP (current US$)	NY.GDP.MKTP.CD	281353402175.24	308702086757.62	330391329475.73	343242570827.35	362637524070.97
Vanuatu	VUT	GDP (current US$)	NY.GDP.MKTP.CD	880062103.05	914736985.43	936526267.62	896827873.11	983469256.85
World	WLD	GDP (current US$)	NY.GDP.MKTP.CD	81403977427442.60	86413032779060.00	87652863215992.70	84906814189239.50	96100091004540.90
Samoa	WSM	GDP (current US$)	NY.GDP.MKTP.CD	832025556.08	821286938.90	852007104.66	807147527.62	788389971.60
Kosovo	XKX	GDP (current US$)	NY.GDP.MKTP.CD	7180813375.51	7878508502.60	7899879086.43	7716925356.13	9007159195.74
"Yemen, Rep."	YEM	GDP (current US$)	NY.GDP.MKTP.CD	26842231204.80	21606161066.21	21887614217.17	18840511908.25	21061691629.54
South Africa	ZAF	GDP (current US$)	NY.GDP.MKTP.CD	381448814653.46	404842116738.07	387934574098.17	335442101366.42	419946428126.01
Zambia	ZMB	GDP (current US$)	NY.GDP.MKTP.CD	25873601260.84	26311590296.70	23308667781.23	18110631358.31	21203059080.35
Zimbabwe	ZWE	GDP (current US$)	NY.GDP.MKTP.CD	17584890936.65	18115543790.79	19284289739.05	18051170798.94	26217726717.34
